"","category","name","Runs","Sample","time.point","Fmate","Start","Stop","diff","time","name.1","total.counts","Man.beads","Man.picoEuks.syn","Man.syn.beads","Man.synpop1","Man.synpop2","Man.synpop3","Man.prochloro","Comp.synpop1","Comp.synpop2","Comp.synpop3","Comp.prochloro","picophyto","fullSyn","synPop1","synPop2","synPop3","prochl","bactAndPro","hetBact"
"1","siderastrea","KDHII_38_7Mar18_001.fcs",3,"S6-april29",0,193,2.4539,2.2497,0.2042,"8min","KDHII_38_7Mar18_001.fcs",280315,2166,3131,4447,972,388,656,18855,912,379,618,17803,4162.58570029383,11170.4211557297,4760.03917727718,1900.09794319295,3212.53672869736,92335.945151812,543345.794392523,451009.849240711
"2","siderastrea","KDHII_38_7Mar18_002.fcs",3,"S6-april29",1,192,2.4514,2.2498,0.2016,"8min","KDHII_38_7Mar18_002.fcs",243309,2223,3223,4841,1167,454,745,19175,1104,446,706,18213,3000.99206349206,12986.1111111111,5788.69047619048,2251.98412698413,3695.43650793651,95114.0873015873,530018.72659176,434904.639290173
"3","siderastrea","KDHII_38_7Mar18_003.fcs",3,"S6-april29",2,192,2.4329,2.2297,0.2032,"8min","KDHII_38_7Mar18_003.fcs",244981,2243,2954,4504,1067,395,603,21607,1010,389,559,20412,3410.43307086614,11126.968503937,5250.9842519685,1943.89763779528,2967.51968503937,106333.661417323,517894.736842105,411561.075424782
"4","madracis","KDHII_38_7Mar18_004.fcs",3,"MM5-april29",0,188,2.3922,2.1902,0.202,"8min","KDHII_38_7Mar18_004.fcs",246418,2248,3211,4794,1225,493,627,19737,1137,488,591,18710,3292.07920792079,12603.9603960396,6064.35643564356,2440.59405940594,3103.9603960396,97707.9207920792,518216.318785579,420508.3979935
"5","madracis","KDHII_38_7Mar18_005.fcs",3,"MM5-april29",1,191,2.4035,2.2004,0.2031,"8min","KDHII_38_7Mar18_005.fcs",220411,2251,2974,4755,1154,480,742,18387,1087,465,705,17540,2314.13096996553,12328.90201871,5681.93008370261,2363.36779911374,3653.37272279665,90531.7577548006,521200.750469043,430668.992714243
"6","madracis","KDHII_38_7Mar18_006.fcs",3,"MM5-april29",2,191,2.4898,2.2876,0.2022,"8min","KDHII_38_7Mar18_006.fcs",110702,2106,1306,3261,558,192,288,11080,529,190,273,10454,746.785361028685,5712.16617210683,2759.64391691395,949.554896142433,1424.33234421365,54797.2304648863,437667.910447761,382870.679982875
"7","porites","KDHII_38_7Mar18_007.fcs",3,"PA6-april29",0,189,2.4312,2.2282,0.203,"8min","KDHII_38_7Mar18_007.fcs",279862,2185,3163,4517,1071,450,643,19168,1001,443,610,18132,4093.5960591133,11487.684729064,5275.86206896552,2216.74876847291,3167.48768472906,94423.645320197,528773.234200744,434349.588880547
"8","porites","KDHII_38_7Mar18_008.fcs",3,"PA6-april29",1,190,2.3952,2.1928,0.2024,"8min","KDHII_38_7Mar18_008.fcs",239394,1963,3267,4714,1181,540,766,19134,1131,524,721,18158,2549.40711462451,13591.8972332016,5834.98023715415,2667.98418972332,3784.58498023715,94535.5731225296,557262.569832402,462726.996709873
"9","porites","KDHII_38_7Mar18_009.fcs",3,"PA6-april29",2,191,2.5054,2.3018,0.2036,"8min","KDHII_38_7Mar18_009.fcs",278344,1971,3486,4991,1434,503,804,27010,1331,491,739,25454,2288.80157170923,14833.0058939096,7043.22200392927,2470.5304518664,3948.91944990177,132662.082514735,739152.542372881,606490.459858147
"10","porites","KDHII_38_7Mar18_010.fcs",3,"PA5-april29",0,185,2.4995,2.2987,0.2008,"8min","KDHII_38_7Mar18_010.fcs",262301,2067,3202,4581,1165,472,715,19165,1089,470,672,18144,3426.29482071713,12519.9203187251,5801.79282868526,2350.59760956175,3560.75697211155,95443.2270916335,492264.150943396,396820.923851763
"11","porites","KDHII_38_7Mar18_011.fcs",3,"PA5-april29",1,190,2.5549,2.3531,0.2018,"8min","KDHII_38_7Mar18_011.fcs",262618,1850,3208,4561,1200,509,776,19758,1145,508,740,18753,2462.83448959366,13434.0931615461,5946.48166501487,2522.29930624381,3845.39147670961,97908.8206144698,493726.235741445,395817.415126975
"12","porites","KDHII_38_7Mar18_012.fcs",3,"PA5-april29",2,189,2.3956,2.1937,0.2019,"8min","KDHII_38_7Mar18_012.fcs",300566,1741,3413,4735,1421,526,860,28572,1359,520,807,26810,2075.2847944527,14829.1233283804,7038.1376919267,2605.25012382368,4259.53442298167,141515.601783061,525599.25093633,384083.649153269
"13","siderastrea","KDHII_38_7Mar18_013.fcs",3,"S5-april29",0,188,2.37,2.1719,0.1981,"8min","KDHII_38_7Mar18_013.fcs",291947,1810,3086,4184,1112,420,711,19326,1041,415,663,18299,3594.14437152953,11983.8465421504,5613.3266027259,2120.14134275618,3589.09641595154,97556.7895002524,524253.731343284,426696.941843031
"14","siderastrea","KDHII_38_7Mar18_014.fcs",3,"S5-april29",1,189,2.4573,2.2563,0.201,"8min","KDHII_38_7Mar18_014.fcs",241275,1736,3052,4265,1115,502,788,19276,1055,490,738,18271,2601.99004975124,12582.0895522388,5547.26368159204,2497.51243781095,3920.39800995025,95900.4975124378,508164.794007491,412264.296495053
"15","siderastrea","KDHII_38_7Mar18_015.fcs",3,"S5-april29",2,189,2.4458,2.2442,0.2016,"8min","KDHII_38_7Mar18_015.fcs",260187,1733,3335,4627,1426,514,759,27603,1350,509,705,25795,2187.5,14355.1587301587,7073.4126984127,2549.60317460317,3764.88095238095,136919.642857143,511612.903225807,374693.260368664
"16","madracis","KDHII_38_7Mar18_016.fcs",3,"MM6-april29",0,189,2.4042,2.2023,0.2019,"8min","KDHII_38_7Mar18_016.fcs",257451,1706,3153,4167,1042,520,721,18695,984,517,691,17887,3427.43932639921,12189.2025755324,5160.97077761268,2575.53244180287,3571.07478949975,92595.3442298167,421399.631675875,328804.287446058
"17","madracis","KDHII_38_7Mar18_017.fcs",3,"MM6-april29",1,190,2.4352,2.2328,0.2024,"8min","KDHII_38_7Mar18_017.fcs",235407,1719,3024,4279,1164,498,787,18894,1107,494,742,18015,2292.49011857708,12648.2213438735,5750.98814229249,2460.4743083004,3888.33992094862,93349.8023715415,529488.117001828,436138.314630287
"18","madracis","KDHII_38_7Mar18_018.fcs",3,"MM6-april29",2,189,2.4325,2.2304,0.2021,"8min","KDHII_38_7Mar18_018.fcs",201669,1602,2828,4209,1263,541,653,25857,1209,516,626,24242,1093.51806036616,12899.554675903,6249.38149430975,2676.89262741217,3231.07372587828,127941.61306284,500527.272727273,372585.659664433
"19","cont","KDHII_38_7Mar18_019.fcs",3,"Cont5-april29",0,190,2.4526,2.2502,0.2024,"8min","KDHII_38_7Mar18_019.fcs",236707,1630,3103,4013,1059,522,658,19194,1021,522,632,18263,3557.31225296443,11773.7154150198,5232.21343873518,2579.05138339921,3250.98814229249,94832.0158102767,524611.0056926,429778.989882323
"20","cont","KDHII_38_7Mar18_020.fcs",3,"Cont5-april29",1,189,2.4948,2.2941,0.2007,"8min","KDHII_38_7Mar18_020.fcs",214371,1674,3336,4367,1239,506,818,19751,1176,503,775,18844,3203.78674638764,13418.0368709517,6173.39312406577,2521.17588440458,4075.73492775287,98410.5630293971,405519.031141869,307108.468112471
"21","cont","KDHII_38_7Mar18_021.fcs",3,"Cont5-april29",2,190,2.4362,2.2344,0.2018,"8min","KDHII_38_7Mar18_021.fcs",253762,1771,4036,4995,1695,554,796,32729,1566,537,739,30532,4023.78592666006,15976.2140733399,8399.4053518335,2745.29236868186,3944.49950445986,162185.332011893,580074.349442379,417889.017430486
"22","cont","KDHII_38_7Mar18_022.fcs",3,"Cont6-april29",0,194,2.4497,2.243,0.2067,"8min","KDHII_38_7Mar18_022.fcs",225462,1581,2992,3919,1019,464,747,18052,948,459,708,17139,3164.00580551524,11311.0788582487,4929.85002418965,2244.7992259313,3613.93323657475,87334.3009192066,515792.349726776,428458.048807569
"23","cont","KDHII_38_7Mar18_023.fcs",3,"Cont6-april29",1,191,2.4479,2.2447,0.2032,"8min","KDHII_38_7Mar18_023.fcs",213968,1533,3203,4139,1251,467,771,18542,1158,451,736,17615,2937.99212598425,12824.8031496063,6156.49606299213,2298.22834645669,3794.29133858268,91250,437286.24535316,346036.24535316
"24","cont","KDHII_38_7Mar18_024.fcs",3,"Cont6-april29",2,191,2.3952,2.1917,0.2035,"8min","KDHII_38_7Mar18_024.fcs",247048,1666,3777,4773,1628,579,750,30841,1530,560,700,28885,3292.38329238329,15267.8132678133,8000,2845.20884520885,3685.50368550369,151552.825552826,583129.62962963,431576.804076804
"25","cont","KDHIII_37_15_Feb18_002.fcs",1,"Cont1-april28",1,185.95,2.4,2.1777,0.2223,"8min","KDHIII_37_15_Feb18_002.fcs",128588,5311,5635,10755,1470,955,2636,18312,1414,937,2517,17568,859.199280251912,24489.428699955,6612.68556005398,4295.99640125956,11857.8497525866,82375.1686909582,502162.698412698,419787.52972174
"26","cont","KDHIII_37_15_Feb18_004.fcs",1,"Cont1-april28",0,170,2.2703,2.0732,0.1971,"8min","KDHIII_37_15_Feb18_004.fcs",112046,3824,4892,8411,1253,941,2110,15752,1236,883,2060,15380,1547.43784880771,23272.4505327245,6357.17909690512,4774.2262810756,10705.2257737189,79918.8229325216,478622.047244095,398703.224311573
"27","cont","KDHIII_37_15_Feb18_005.fcs",1,"Cont1-april28",2,185,2.4042,2.2036,0.2006,"8min","KDHIII_37_15_Feb18_005.fcs",117299,3723,6524,9815,1868,1530,2841,25286,1732,1384,2666,23470,2153.53938185444,30368.8933200399,9312.06380857428,7627.1186440678,14162.5124626122,126051.8444666,572549.800796813,446497.956330213
"28","madracis","KDHIII_37_15_Feb18_006.fcs",1,"MM2-april28",0,180,2.4632,2.2611,0.2021,"8min","KDHIII_37_15_Feb18_006.fcs",137133,4186,4823,8460,1086,764,2261,16225,1024,741,2131,15776,2716.47699158832,21147.9465611084,5373.57743691242,3780.30677882237,11187.5309252845,80282.0385947551,498860.294117647,418578.255522892
"29","madracis","KDHIII_37_15_Feb18_007.fcs",1,"MM2-april28",1,190,2.4523,2.2495,0.2028,"8min","KDHIII_37_15_Feb18_007.fcs",100153,3605,4161,7631,996,778,1928,13112,927,765,1843,12533,665.680473372781,19852.0710059172,4911.2426035503,3836.29191321499,9506.9033530572,64654.83234714,422470.997679814,357816.165332674
"30","madracis","KDHIII_37_15_Feb18_008.fcs",1,"MM2-april28",2,190,2.4158,2.2138,0.202,"8min","KDHIII_37_15_Feb18_008.fcs",51407,3399,1607,4949,452,299,821,7026,418,284,729,6609,282.178217821782,7673.26732673267,2237.62376237624,1480.19801980198,4064.35643564356,34782.1782178218,280408.921933086,245626.743715264
"31","madracis","KDHIII_37_15_Feb18_009.fcs",1,"MM1-april28",0,190,2.4171,2.218,0.1991,"8min","KDHIII_37_15_Feb18_009.fcs",134416,3266,5001,7914,1189,943,2555,16814,1146,911,2408,16314,1772.97840281266,23345.0527373179,5971.87343043697,4736.31341034656,12832.7473631341,84450.0251130085,494970.645792564,410520.620679555
"32","madracis","KDHIII_37_15_Feb18_010.fcs",1,"MM1-april28",1,190,2.4609,2.2612,0.1997,"8min","KDHIII_37_15_Feb18_010.fcs",127504,3208,5359,8054,1156,1145,2529,14995,1112,1134,2424,14288,2568.85327991988,24266.3995993991,5788.68302453681,5733.6004006009,12663.995993991,75087.6314471708,449395.604395604,374307.972948434
"33","madracis","KDHIII_37_15_Feb18_011.fcs",1,"MM1-april28",2,188,2.4559,2.2546,0.2013,"8min","KDHIII_37_15_Feb18_011.fcs",129938,2762,4949,7606,1226,989,2225,13877,1137,952,2122,13212,521.609538002981,24063.5866865375,6090.41231992052,4913.0650769995,11053.1544957774,68936.9100844511,435477.099236641,366540.18915219
"34","siderastrea","KDHIII_37_15_Feb18_012.fcs",1,"S1-April28",0,190,2.5079,2.3055,0.2024,"8min","KDHIII_37_15_Feb18_012.fcs",139049,3002,5085,7723,1257,781,2322,16016,1183,721,2210,15431,1798.41897233202,23325.0988142292,6210.4743083004,3858.69565217391,11472.3320158103,79130.4347826087,NA,NA
"35","siderastrea","KDHIII_37_15_Feb18_013.fcs",1,"S1-April28",1,190,2.4587,2.2553,0.2034,"8min","KDHIII_37_15_Feb18_013.fcs",141511,2788,5580,8262,1335,953,2768,18086,1268,919,2662,17212,521.140609636185,26912.4877089479,6563.42182890855,4685.34906588004,13608.6529006883,88918.3874139626,NA,NA
"36","siderastrea","KDHIII_37_15_Feb18_014.fcs",1,"S1-April28",2,190,2.443,2.2386,0.2044,"8min","KDHIII_37_15_Feb18_014.fcs",154814,2937,6065,8956,1669,1265,2791,21255,1517,1198,2580,19555,225.048923679061,29447.1624266145,8165.36203522505,6188.84540117417,13654.5988258317,103987.279843444,NA,NA
"37","cont","KDHIII_37_15_Feb18_015.fcs",1,"Cont2-april28",0,190,2.3816,2.1764,0.2052,"8min","KDHIII_37_15_Feb18_015.fcs",128898,3777,5413,8802,1310,1085,2363,17723,1256,1069,2260,16891,1890.83820662768,24488.3040935673,6384.01559454191,5287.52436647174,11515.5945419103,86369.395711501,496417.910447761,410048.51473626
"38","cont","KDHIII_37_15_Feb18_016.fcs",1,"Cont2-april28",1,190,2.4359,2.2348,0.2011,"8min","KDHIII_37_15_Feb18_016.fcs",125706,2848,6078,8678,1499,1099,2829,19156,1418,1071,2717,18142,1233.21730482347,28990.5519641969,7454.00298359025,5464.94281452014,14067.6280457484,95256.0914967678,526242.424242424,430986.332745656
"39","cont","KDHIII_37_15_Feb18_017.fcs",1,"Cont2-april28",2,193,2.423,2.2187,0.2043,"8min","KDHIII_37_15_Feb18_017.fcs",128966,2728,7071,9235,1995,1384,2683,25161,1901,1344,2562,24419,2760.64610866373,31850.2202643172,9765.05139500734,6774.35144395497,13132.6480665688,123157.121879589,596766.467065868,473609.345186279
"40","porites","KDHIII_37_15_Feb18_018.fcs",1,"PA1-april28",0,190,2.4156,2.1481,0.2675,"8min","KDHIII_37_15_Feb18_018.fcs",207860,3434,6976,9724,1703,1204,2929,23957,1630,1180,2799,22852,2564.48598130841,23514.0186915888,6366.35514018692,4500.93457943925,10949.5327102804,89558.8785046729,509463.955637708,419905.077133035
"41","porites","KDHIII_37_15_Feb18_019.fcs",1,"PA1-april28",1,190,2.3527,2.1523,0.2004,"8min","KDHIII_37_15_Feb18_019.fcs",145330,2523,5718,7986,1392,1159,2549,19009,1305,1155,2437,18202,1272.45508982036,27260.4790419162,6946.10778443114,5783.43313373253,12719.5608782435,94855.2894211577,527020.109689214,432164.820268056
"42","porites","KDHIII_37_15_Feb18_020.fcs",1,"PA1-april28",2,190,2.5133,2.3109,0.2024,"8min","KDHIII_37_15_Feb18_020.fcs",184324,2702,6076,8580,1620,1291,2887,24898,1549,1262,2716,23250,978.260869565217,29041.5019762846,8003.95256916996,6378.45849802372,14263.8339920949,123013.833992095,572990.654205607,449976.820213513
"43","siderastrea","KDHIII_37_16Feb18_001.fcs",1,"S2-april28",0,189,2.4623,2.2598,0.2025,"8min","KDHIII_37_16Feb18_001.fcs",105799,4644,4903,9148,1178,949,2116,16115,1122,938,2006,15373,1970.37037037037,22241.975308642,5817.28395061728,4686.41975308642,10449.3827160494,79580.2469135803,471525.423728814,391945.176815233
"44","siderastrea","KDHIII_37_16Feb18_002.fcs",1,"S2-april28",1,190,2.4545,2.2531,0.2014,"8min","KDHIII_37_16Feb18_002.fcs",114977,4627,5385,9692,1284,1021,2475,17123,1232,1010,2362,16147,1588.8778550149,25148.9572989076,6375.37239324727,5069.5134061569,12288.9771598808,85019.8609731877,521873.767258383,436853.906285195
"45","siderastrea","KDHIII_37_16Feb18_003.fcs",1,"S2-april28",2,187,2.5101,2.3057,0.2044,"8min","KDHIII_37_16Feb18_003.fcs",117714,4530,5760,9896,1533,1229,2605,17394,1456,1165,2446,15879,1927.59295499022,26252.446183953,7500,6012.72015655577,12744.6183953033,NA,591706.827309237,506608.979951116
"46","porites","KDHIII_37_16Feb18_004.fcs",1,"PA2-april28",0,194,2.429,2.233,0.196,"8min","KDHIII_37_16Feb18_004.fcs",108096,4743,5408,9643,1297,982,2426,16980,1214,965,2283,16195,2591.83673469388,25000,6617.34693877551,5010.20408163265,12377.5510204082,86632.6530612245,508929.219600726,422296.566539501
"47","porites","KDHIII_37_16Feb18_005.fcs",1,"PA2-april28",1,194,2.5034,2.2989,0.2045,"8min","KDHIII_37_16Feb18_005.fcs",115663,4328,5931,9954,1433,1030,2839,17943,1344,999,2732,16900,1491.44254278729,27511.0024449878,7007.33496332518,5036.67481662592,13882.6405867971,87740.8312958435,519084.249084249,431343.417788406
"48","porites","KDHIII_37_16Feb18_006.fcs",1,"PA2-april28",2,193,2.4393,2.2356,0.2037,"8min","KDHIII_37_16Feb18_006.fcs",108689,4613,6080,10549,1515,1065,2991,17107,1429,1025,2778,15542,706.921944035346,29140.8934707904,7437.40795287187,5228.27687776141,14683.3578792342,NA,599724.264705882,515742.919590517
"49","cont","KDHIII_37_16Feb18_007.fcs",2,"Cont3-april29",0,190,2.4724,2.2692,0.2032,"8min","KDHIII_37_16Feb18_007.fcs",77145,5096,5579,10212,1181,884,2643,11437,1111,884,2533,10436,2278.54330708661,25177.1653543307,5812.00787401575,4350.3937007874,13006.8897637795,NA,559500,NA
"50","cont","KDHIII_37_16Feb18_008.fcs",2,"Cont3-april29",1,190,2.4878,2.2851,0.2027,"8min","KDHIII_37_16Feb18_008.fcs",77950,4288,5688,9480,1148,850,2832,11261,1091,820,2724,10200,2446.96595954613,25614.2081894425,5663.54218056241,4193.38924518994,13971.3862851505,NA,551084.112149533,NA
"51","cont","KDHIII_37_16Feb18_009.fcs",2,"Cont3-april29",2,190,2.4319,2.2292,0.2027,"8min","KDHIII_37_16Feb18_009.fcs",77925,4045,5696,9091,1275,902,2481,10734,1189,896,2381,9365,3206.7094227923,24893.9319190923,6290.0838677849,4449.92599901332,12239.7631968426,NA,636517.690875233,NA
"52","madracis","KDHIII_37_16Feb18_010.fcs",2,"MM3-april29",0,190,2.4584,2.2555,0.2029,"8min","KDHIII_37_16Feb18_010.fcs",87101,4097,5981,9407,1302,929,2638,12555,1248,929,2545,11306,3307.04780680138,26170.527353376,6416.95416461311,4578.61015278462,13001.4785608674,NA,561756.007393715,NA
"53","madracis","KDHIII_37_16Feb18_011.fcs",2,"MM3-april29",1,189,2.4426,2.2412,0.2014,"8min","KDHIII_37_16Feb18_011.fcs",78954,4153,5501,9017,1116,794,2664,11025,1061,770,2561,9835,3162.85998013903,24150.9433962264,5541.21151936445,3942.40317775571,13227.408142999,NA,526822.429906542,NA
"54","madracis","KDHIII_37_16Feb18_012.fcs",2,"MM3-april29",2,196,2.4495,2.2409,0.2086,"8min","KDHIII_37_16Feb18_012.fcs",68986,4327,3624,7593,691,619,1676,7557,650,605,1579,6468,1716.20325982742,15656.7593480345,3312.55992329818,2967.40172579099,8034.51581975072,NA,329572.49070632,NA
"55","siderastrea","KDHIII_38_1Mar18_001.fcs",2,"S4-april29",0,186,2.3451,2.1461,0.199,"8min","KDHIII_38_1Mar18_001.fcs",151423,3379,6111,8441,1251,930,2643,23844,1200,930,2524,23065,5271.3567839196,25437.1859296482,6286.43216080402,4673.36683417085,13281.4070351759,119819.095477387,560287.356321839,440468.260844452
"56","siderastrea","KDHIII_38_1Mar18_002.fcs",2,"S4-april29",1,189,2.4078,2.2075,0.2003,"8min","KDHIII_38_1Mar18_002.fcs",181170,3193,6404,8359,1229,1055,2625,23169,1182,1055,2522,22307,6180.72890664004,25791.3130304543,6135.79630554169,5267.09935097354,13105.3419870195,115671.492760859,559094.26987061,443422.777109751
"57","siderastrea","KDHIII_38_1Mar18_003.fcs",2,"S4-april29",2,187,2.4386,2.2402,0.1984,"8min","KDHIII_38_1Mar18_003.fcs",232482,2992,5945,8132,1253,929,2609,26379,1195,928,2466,24916,4057.45967741936,25907.2580645161,6315.52419354839,4682.45967741936,13150.2016129032,132958.669354839,671226.765799257,538268.096444418
"58","cont","KDHIII_38_1Mar18_004.fcs",2,"Cont4-april29",0,189,2.4327,2.2322,0.2005,"8min","KDHIII_38_1Mar18_004.fcs",141833,3344,5831,8658,1269,860,2632,21970,1238,854,2493,21068,2578.5536159601,26503.7406483791,6329.17705735661,4289.27680798005,13127.1820448878,109576.059850374,503244.781783681,393668.721933307
"59","cont","KDHIII_38_1Mar18_005.fcs",2,"Cont4-april29",1,192,2.4375,2.234,0.2035,"8min","KDHIII_38_1Mar18_005.fcs",144176,3383,5734,8696,1232,884,2788,22329,1190,877,2683,21374,2068.79606879607,26108.1081081081,6054.05405405405,4343.98034398034,13700.2457002457,109724.815724816,557533.980582524,447809.164857708
"60","cont","KDHIII_38_1Mar18_006.fcs",2,"Cont4-april29",2,190,2.4135,2.2121,0.2014,"8min","KDHIII_38_1Mar18_006.fcs",153616,3177,5855,8389,1269,905,2625,24059,1208,881,2478,22937,3192.65143992056,25878.8480635551,6300.89374379345,4493.545183714,13033.7636544191,119458.788480636,588195.488721804,468736.700241169
"61","siderastrea","KDHIII_38_1Mar18_007.fcs",2,"S3-april29",0,187,2.4238,2.2244,0.1994,"8min","KDHIII_38_1Mar18_007.fcs",132575,3213,5686,8334,1217,849,2516,22305,1168,845,2415,21429,2833.50050150451,25682.0461384152,6103.30992978937,4257.77331995988,12617.853560682,111860.581745236,542427.536231884,430566.954486648
"62","siderastrea","KDHIII_38_1Mar18_008.fcs",2,"S3-april29",1,187,2.4298,2.2307,0.1991,"8min","KDHIII_38_1Mar18_008.fcs",136601,3168,5628,8345,1188,836,2499,23006,1147,831,2372,22031,2265.19337016575,26002.0090406831,5966.85082872928,4198.89502762431,12551.4816675038,115549.974886991,529744.058500914,414194.083613923
"63","siderastrea","KDHIII_38_1Mar18_009.fcs",2,"S3-april29",2,188,2.4971,2.2975,0.1996,"8min","KDHIII_38_1Mar18_009.fcs",189713,3221,5151,7975,1087,810,2315,22264,1057,800,2196,21118,1988.97795591182,23817.6352705411,5445.89178356713,4058.11623246493,11598.1963927856,111543.086172345,562705.667276051,451162.581103707
"64","porites","KDHIII_38_1Mar18_010.fcs",2,"PA4-april29",0,187,2.4428,2.2433,0.1995,"8min","KDHIII_38_1Mar18_010.fcs",123894,3111,5916,8386,1264,850,2605,23656,1234,836,2454,22660,3213.03258145363,26441.1027568922,6335.83959899749,4260.65162907268,13057.6441102757,118576.441102757,540973.782771536,422397.341668779
"65","porites","KDHIII_38_1Mar18_011.fcs",2,"PA4-april29",1,191,2.4457,2.2432,0.2025,"8min","KDHIII_38_1Mar18_011.fcs",122317,3690,5922,8986,1304,852,2632,24132,1240,848,2492,23073,3091.35802469136,26153.0864197531,6439.50617283951,4207.40740740741,12997.5308641975,119170.37037037,569662.288930582,450491.918560211
"66","porites","KDHIII_38_1Mar18_012.fcs",2,"PA4-april29",2,191,2.4213,2.2178,0.2035,"8min","KDHIII_38_1Mar18_012.fcs",158989,3150,5906,8317,1256,887,2659,25719,1183,875,2424,24330,3631.44963144963,25390.6633906634,6171.99017199017,4358.72235872236,13066.3390663391,126383.292383292,505981.132075472,379597.839692179
"67","porites","KDHIII_38_1Mar18_013.fcs",2,"PA3-april29",0,191,2.4469,2.2435,0.2034,"8min","KDHIII_38_1Mar18_013.fcs",158092,2932,5986,8021,1193,867,2786,22673,1139,856,2598,21734,4410.02949852507,25019.6656833825,NA,NA,NA,111470.009832842,515119.266055046,403649.256222204
"68","porites","KDHIII_38_1Mar18_014.fcs",2,"PA3-april29",1,190,2.4356,2.2344,0.2012,"8min","KDHIII_38_1Mar18_014.fcs",153280,3251,4501,7022,864,589,2074,17755,821,577,1971,17012,3628.23061630219,18742.5447316103,NA,NA,NA,88245.5268389662,445154.264972777,356908.738133811
"69","porites","KDHIII_38_1Mar18_015.fcs",2,"PA3-april29",2,190,2.4152,2.2125,0.2027,"8min","KDHIII_38_1Mar18_015.fcs",67512,3111,1065,3994,140,156,453,4908,129,146,432,4534,897.878638381845,4356.19141588555,NA,NA,NA,24213.1228416379,249351.351351351,225138.228509713
"70","madracis","KDHIII_38_1Mar18_016.fcs",2,"MM4-april29",0,192,2.5076,2.3025,0.2051,"8min","KDHIII_38_1Mar18_016.fcs",174417,2773,5959,8102,1264,803,2705,24072,1212,789,2551,23162,3071.67235494881,25982.4475865431,6162.84739151633,3915.16333495856,13188.6884446611,117367.137981472,550536.809815951,433169.671834479
"71","madracis","KDHIII_38_1Mar18_017.fcs",2,"MM4-april29",1,190,2.4392,2.2365,0.2027,"8min","KDHIII_38_1Mar18_017.fcs",126956,2994,5739,8336,1204,892,2633,23888,1164,891,2496,22908,1958.5594474593,26354.2180562407,5939.81253083374,4400.59200789344,12989.6398618648,117849.037987173,541564.245810056,423715.207822883
"72","madracis","KDHIII_38_1Mar18_018.fcs",2,"MM4-april29",2,190,2.3886,2.1859,0.2027,"8min","KDHIII_38_1Mar18_018.fcs",170117,3111,4633,7430,959,645,2136,22687,890,618,2008,21574,1549.08732116428,21307.3507646769,4731.12974839665,3182.04242723236,10537.7405032067,111924.025653675,536734.317343174,424810.291689498
"73","cont","KDHIII_38_2Mar18_001.fcs",4,"Cont8-april30",1,193,2.4374,2.2331,0.2043,"8min","KDHIII_38_2Mar18_001.fcs",138768,3597,2156,5209,989,278,224,29715,953,275,222,28196,2662.75085658346,7890.35731767009,4840.92021536956,1360.74400391581,1096.42682329907,145447.870778267,561222.222222222,415774.351443955
"74","cont","KDHIII_38_2Mar18_002.fcs",4,"Cont8-april30",0,191,2.4384,2.2356,0.2028,"8min","KDHIII_38_2Mar18_002.fcs",135598,3399,2042,4949,931,233,213,28633,885,232,203,27137,2426.03550295858,7642.99802761341,4590.72978303748,1148.91518737673,1050.29585798817,141188.362919132,417417.582417582,276229.21949845
"75","cont","KDHIII_38_2Mar18_003.fcs",4,"Cont8-april30",2,191,2.4339,2.2284,0.2055,"8min","KDHIII_38_2Mar18_003.fcs",139966,3451,2223,5118,1055,250,202,30711,992,249,195,28973,2705.59610705596,8111.92214111922,5133.8199513382,1216.54501216545,982.968369829684,149445.255474453,405716.945996276,256271.690521823
"76","siderastrea","KDHIII_38_2Mar18_004.fcs",4,"S8-april30",1,190,2.4651,2.2612,0.2039,"8min","KDHIII_38_2Mar18_004.fcs",150107,3429,2133,4968,1015,241,210,30189,959,228,190,28274,2913.19274153997,7547.81755762629,4977.93035801864,1181.95193722413,1029.91662579696,148057.87150564,603712.686567164,455654.815061524
"77","siderastrea","KDHIII_38_2Mar18_005.fcs",4,"S8-april30",0,190,2.4671,2.2602,0.2069,"8min","KDHIII_38_2Mar18_005.fcs",134549,3055,2027,4545,963,219,198,27619,899,213,195,26130,2595.45674238763,7201.54664088932,4654.42242629289,1058.48235862736,956.984050265829,133489.608506525,560485.981308411,426996.372801886
"78","siderastrea","KDHIII_38_2Mar18_006.fcs",4,"S8-april30",2,189,2.4358,2.2346,0.2012,"8min","KDHIII_38_2Mar18_006.fcs",243755,3006,2297,4930,1016,249,246,31330,954,236,245,29216,1853.87673956262,9562.62425447316,5049.70178926441,1237.5745526839,1222.66401590457,155715.705765408,835332.103321033,679616.397555626
"79","madracis","KDHIII_38_2Mar18_007.fcs",4,"MM7-april30",1,191,2.4706,2.2675,0.2031,"8min","KDHIII_38_2Mar18_007.fcs",115483,3044,2012,4517,961,200,182,27519,921,188,180,26207,2653.86509108813,7252.58493353028,4731.6592811423,984.736582964057,896.110290497292,135494.830132939,571121.495327103,435626.665194163
"80","madracis","KDHIII_38_2Mar18_008.fcs",4,"MM7-april30",0,191,2.4629,2.2588,0.2041,"8min","KDHIII_38_2Mar18_008.fcs",110980,3000,2107,4560,1032,231,158,26807,955,220,152,25563,2680.05879470848,7643.31210191083,5056.34492895639,1131.79813816756,774.130328270456,131342.479176874,707736.31840796,576393.839231086
"81","madracis","KDHIII_38_2Mar18_009.fcs",4,"MM7-april30",2,190,2.4665,2.2642,0.2023,"8min","KDHIII_38_2Mar18_009.fcs",143066,3162,1352,4271,641,177,142,24757,613,175,125,23649,1201.1863568957,5481.9574888779,3168.56154226396,874.938210578349,701.927829955512,122377.656945131,609759.259259259,487381.602314128
"82","siderastrea","KDHIII_38_2Mar18_010.fcs",4,"S7-april30",1,189,2.4057,2.2045,0.2012,"8min","KDHIII_38_2Mar18_010.fcs",135430,2576,2034,3985,941,212,163,25889,888,201,159,24639,3106.36182902585,7002.98210735587,4676.93836978131,1053.67793240557,810.13916500994,128672.96222664,321681.901279707,193008.939053067
"83","siderastrea","KDHIII_38_2Mar18_011.fcs",4,"S7-april30",0,180,2.4249,2.2305,0.1944,"8min","KDHIII_38_2Mar18_011.fcs",124405,2419,2068,3899,963,215,193,25735,907,212,193,24516,3024.69135802469,7613.16872427984,4953.7037037037,1105.9670781893,992.798353909465,132381.687242798,350129.390018484,217747.702775686
"84","siderastrea","KDHIII_38_2Mar18_012.fcs",4,"S7-april30",2,193,2.4196,2.2145,0.2051,"8min","KDHIII_38_2Mar18_012.fcs",88581,2541,1287,3386,558,117,104,15823,523,113,97,14920,2155.04631886884,4119.94149195514,2720.6240858118,570.453437347635,507.069722086787,77147.7328132618,258436.911487759,181289.178674497
"85","porites","KDHIII_38_2Mar18_013.fcs",4,"PA8-april30",1,193,2.4412,2.2365,0.2047,"8min","KDHIII_38_2Mar18_013.fcs",115418,2533,2149,4020,1008,194,183,27262,962,185,181,25886,3234.00097703957,7264.28920371275,4924.27943331705,947.728382999512,893.991206643869,133180.263800684,455410.447761194,322230.18396051
"86","porites","KDHIII_38_2Mar18_014.fcs",4,"PA8-april30",0,192,2.4341,2.2305,0.2036,"8min","KDHIII_38_2Mar18_014.fcs",129710,2625,2261,4192,1056,226,185,27835,992,217,177,26530,3408.64440078585,7696.46365422397,5186.64047151277,1110.01964636542,908.644400785855,136714.145383104,550643.939393939,413929.794010835
"87","porites","KDHIII_38_2Mar18_015.fcs",4,"PA8-april30",2,192,2.4945,2.292,0.2025,"8min","KDHIII_38_2Mar18_015.fcs",147236,2462,1468,3507,663,126,133,20244,636,121,124,18835,2088.88888888889,5160.49382716049,3274.07407407407,622.222222222222,656.79012345679,99970.3703703704,540371.057513915,440400.687143544
"88","madracis","KDHIII_38_2Mar18_016.fcs",4,"MM8-april30",1,191,2.4441,2.2407,0.2034,"8min","KDHIII_38_2Mar18_016.fcs",154668,2440,1936,3900,892,181,190,27755,857,176,188,26450,2340.21632251721,7177.9744346116,4385.44739429695,889.872173058014,934.119960668633,136455.260570305,562352.941176471,425897.680606166
"89","madracis","KDHIII_38_2Mar18_017.fcs",4,"MM8-april30",0,191,2.4641,2.261,0.2031,"8min","KDHIII_38_2Mar18_017.fcs",113712,2500,2201,4192,1023,201,227,28745,974,196,216,27282,2506.15460364353,8330.87149187592,5036.92762186115,989.660265878877,1117.6760216642,141531.265386509,389814.471243043,248283.205856534
"90","madracis","KDHIII_38_2Mar18_018.fcs",4,"MM8-april30",2,190,2.4807,2.2793,0.2014,"8min","KDHIII_38_2Mar18_018.fcs",104987,2428,1140,3282,469,131,138,21207,438,119,132,20215,1420.05958291956,4240.317775571,2328.69910625621,650.446871896723,685.203574975174,105297.914597815,484221.38836773,378923.473769915
"91","porites","KDHIII_38_2Mar18_019.fcs",4,"PA7-april30",1,191,2.4377,2.2359,0.2018,"8min","KDHIII_38_2Mar18_019.fcs",126110,2316,2207,3807,937,227,174,29302,915,216,164,27934,3548.06739345887,7388.50346878097,4643.21110009911,1124.87611496531,862.239841427156,145203.171456888,560431.034482759,415227.863025871
"92","porites","KDHIII_38_2Mar18_020.fcs",4,"PA7-april30",0,191,2.4387,2.2363,0.2024,"8min","KDHIII_38_2Mar18_020.fcs",113279,2278,2374,3878,1014,241,203,28467,989,234,203,27109,3824.11067193676,7905.13833992095,5009.8814229249,1190.71146245059,1002.96442687747,140647.233201581,377097.966728281,236450.7335267
"93","porites","KDHIII_38_2Mar18_021.fcs",4,"PA7-april30",2,189,2.4189,2.2172,0.2017,"8min","KDHIII_38_2Mar18_021.fcs",143914,2374,2065,3908,935,204,190,28831,903,195,184,26978,2632.62270699058,7605.35448686168,4635.59742191373,1011.40307387209,941.993058998513,142940.009915716,408067.542213884,265127.532298167
"94","cont","KDHIII_38_2Mar18_022.fcs",4,"Cont7-april30",1,191,2.427,2.2237,0.2033,"8min","KDHIII_38_2Mar18_022.fcs",102161,2285,2180,3878,1026,248,197,28827,978,243,197,27591,2887.35858337432,7835.71077225775,5046.72897196262,1219.872110182,969.011313330054,141795.376291195,379962.82527881,238167.448987615
"95","cont","KDHIII_38_2Mar18_024.fcs",4,"Cont7-april30",0,190,2.4429,2.2378,0.2051,"8min","KDHIII_38_2Mar18_024.fcs",94123,2154,2181,3756,1019,256,201,28173,980,248,189,26956,2823.01316431009,7810.82398829839,4968.30814236958,1248.17162359824,980.009751340809,137362.262311068,564816.84981685,427454.587505782
"96","cont","KDHIII_38_2Mar18_025.fcs",4,"Cont7-april30",2,190,2.5094,2.3071,0.2023,"8min","KDHIII_38_2Mar18_025.fcs",101650,2288,2368,3929,1105,234,182,30341,1053,224,171,28827,3593.67276322294,8111.71527434503,5462.18487394958,1156.69797330697,899.653979238754,149980.227385072,447393.715341959,297413.487956888
